{
  "name": "tcmpub",
  "type": "flogo:activity",
  "ref": "activity/TCM/tcmpub",
  "version": "0.0.1",
  "title": "Send TCM Message",
  "description": "Sends a message to TIBCO Cloud Messaging",
  "author": "Jan van der Lugt <jvanderl@tibco.com>",
  "homepage": "https://github.com/jvanderl/flogo-components/tree/master/activity/tcmpub" ,
  "display": {
    "description": "Sends a message to TIBCO Cloud Messaging",
       "category": "TCM",
       "visible": true,
       "smallIcon": "tcmpub-small-icon.png",
       "largeIcon": "tcmpub-large-icon.png"
},
"inputs":[
    {
      "name": "url",
      "type": "string",
      "value": ""
    },
    {
      "name": "authkey",
      "type": "string",
      "value": ""
    },
    {
      "name": "clientid",
      "type": "string",
      "value": ""
    },
    {
      "name": "destinationname",
      "type": "string",
      "value": ""
    },
    {
      "name": "destinationvalue",
      "type": "string",
      "value": ""
    },
    {
      "name": "messagename",
      "type": "string",
      "value": ""
    },
    {
      "name": "messagevalue",
      "type": "string",
      "value": ""
    }
  ],
  "outputs": [
    {
      "name": "result",
      "type": "string"
    }
  ]
}
